date,100,101,104,105,108,111,114,118,119,126,127,128,129,13,131,132,135,136,141,144,147,149,150,151,152,155,158,163,166,170,173,174,180,181,185,189,191,194,196,202,203,205,206,209,211,213,214,215,218,219,220,221,222,223,225,226,228,232,233,235,236,237,239,24,246,247,25,250,257,259,262,263,264,269,270,274,277,282,284,295,306,309,313,33,34,36,41,42,43,44,47,48,52,55,56,57,62,69,70,72,74,8,81,82,84,87,89,93
1999-09-01,,,,,,0.19999999999999996,,,,,,,,,,,,,,,,0.4,,,,,,,,,,,,,,,,,,,,,,,,,,,,,,,,,,,,,,,,,,,,,,,,,,,,,,,,,,,,,,,,,0.19999999999999996,,,,,,,,,,,,0.19999999999999996,,,,,,,,,
1999-10-01,,,,,,0.2,,,,,,,,,,,,,0.2,,,,,,,,,,,,,,,,0.2,,,,,,,,,,,,,,,,,,,,,,,,,,,,,,,,,,,,,,,,,,,,,,,,,,,,0.2,,,,,,,,,,,,0.2,,,,,,,,,
2000-02-01,,,,,,,,,,,,,,,,,,,,,,,,,,,,,,,,,,,,,,,,,,,,,,,,,,,,,,,,,,,,,,,,,,,,,,,,,,,,,,,,,,,,,,,,,,,,,,,,,,,1.0,,,,,,,,,
2000-03-01,,,,,,,,,,,,,,,,,,,,,,1.0,,,,,,,,,,,,,,,,,,,,,,,,,,,,,,,,,,,,,,,,,,,,,,,,,,,,,,,,,,,,,,,,,,,,,,,,,,,,,,,,,,,,,,
2000-05-01,,,,,,1.0,,,,,,,,,,,,,,,,,,,,,,,,,,,,,,,,,,,,,,,,,,,,,,,,,,,,,,,,,,,,,,,,,,,,,,,,,,,,,,,,,,,,,,,,,,,,,,,,,,,,,,
2000-06-01,,,,,,1.0,,,,,,,,,,,,,,,,,,,,,,,,,,,,,,,,,,,,,,,,,,,,,,,,,,,,,,,,,,,,,,,,,,,,,,,,,,,,,,,,,,,,,,,,,,,,,,,,,,,,,,
2000-08-01,,,,,,0.2,,,,,,,0.2,,,,,,0.20000000000000007,,,,,,,,,,,,,,,,,,,,,,,,,,,,,,,,,,,,,,,,,,,,,,,,,,,,,,,,,,,,,,,,,,,0.2,0.2,,,,,,,,,,,,,,,,,,,,,
2000-09-01,,,,,,0.2,,,,,,,0.20000000000000007,,,,,,,,,,,,,,,,,,,,,,0.2,,,,,,0.2,,,,,,,,,,,,,,,,,,,,,,,,,,,,,,,,,,,,,,,,,,,,,0.2,,,,,,,,,,,,,,,,,,,,,,
2000-11-01,,,,,,0.2,,,,,,,0.2,,,,,,0.2,,,,,,,,0.2,,,,,,,,,,,,,,0.20000000000000007,,,,,,,,,,,,,,,,,,,,,,,,,,,,,,,,,,,,,,,,,,,,,,,,,,,,,,,,,,,,,,,,,,,
2000-12-01,,,,,,,,,,,,,0.2,,,,,,0.20000000000000007,,,,,,,,0.2,,,,,,,,,,,,,,0.2,,,,,,,,,,,,,,,,,,,,,,,,,,,,,,,,,,,,,,,,,,,,,,0.2,,,,,,,,,,,,,,,,,,,,,
2001-02-01,,,,,,,,,,,,,0.2,,,,,,0.2,,,,,,,,0.2,,,,,,,,0.2,,,,,,0.2,,,,,,,,,,,,,,,,,,,,,,,,,,,,,,,,,,,,,,,,,,,,,,,,,,,,,,,,,,,,,,,,,,,
2001-03-01,,,,,,0.19999999999999996,,,,,,,0.19999999999999996,,,,,,0.19999999999999996,,,,,,,,0.2,,,,,,,,,,,,,,0.19999999999999996,,,,,,,,,,,,,,,,,,,,,,,,,,,,,,,,,,,,,,,,,,,,,,,,,,,,,,,,,,,,,,,,,,,
2001-05-01,,,,,,,,,,,,,0.19999999999999996,,,,,,,,,0.19999999999999996,,,,,0.2,,,,,,,,0.19999999999999996,,,,,,,,,,,,,,,,,,,,,,,,,,,,,,,,,,,,,,,,,,,,,,,,,,,,0.19999999999999996,,,,,,,,,,,,,,,,,,,,,
2001-06-01,,,,,,,,,,,0.19999999999999996,,0.19999999999999996,,,,,,,,,0.19999999999999996,,,,,0.2,,,,,,,,0.19999999999999996,,,,,,,,,,,,,,,,,,,,,,,,,,,,,,,,,,,,,,,,,,,,,,,,,,,,,,,,,,,,,,,,,,,,,,,,,
2001-08-01,,,,,,,,,,,,0.19999999999999996,0.2,,,,,,,,,,,,,,0.19999999999999996,,,,,,,,,,,,,,,,,,,,,,,,,,,,,,,,,,,,,,,,,,,,,,,,,,,,,,,,,,,0.19999999999999996,0.19999999999999996,,,,,,,,,,,,,,,,,,,,,
2001-10-01,,,,,,0.2,,,,,0.2,,,,,,,,,,,,,,,,,,,,,,,,,,,,,,,,,,,,,,,,,,,,,,,,,,,,,,,,,,,,,,,,,,,,,,,,,,,0.2,0.2,,,,,,,,,,,,0.2,,,,,,,,,
2001-11-01,,,,,,,,,,,,0.2,0.20000000000000007,,,,,,,,,,,,,,0.2,,,,,,,,,,,,,,0.20000000000000007,,,,,,,,,,,,,,,,,,,,,,,,,,,,,,,,,,,,,,,,,,,,,,,,,,,,,,,,,,0.2,,,,,,,,,
2002-02-01,,,,,,,,,,,,0.2,0.20000000000000007,,,,,,,,,,,,,,0.2,,,,,,,,,,,,,,0.2,,,,,,,,,,,,,,,,,,,,,,,,,,,,,,,,,,,,,,,,,,,,,,0.2,,,,,,,,,,,,,,,,,,,,,
2002-03-01,,,,,,,,,,,0.2,0.2,0.20000000000000007,,,,,,,,,,,,,,0.2,,,,,,,,,,,,,,0.2,,,,,,,,,,,,,,,,,,,,,,,,,,,,,,,,,,,,,,,,,,,,,,,,,,,,,,,,,,,,,,,,,,,
2002-04-01,,,,,,0.2,,,,,0.2,0.2,,,,,,,,,,,,,,,,,,,,,,,,,,,,,,,,,,,,,,,,,,,,,,,,,,,,,,,,,,,,,,,,,,,,,,,,,,,0.2,,,,,,,,,,,,0.2,,,,,,,,,
2002-05-01,,,,,,0.2,,,,,,0.2,0.2,,,,,,0.2,,,,,,,,0.2,,,,,,,,,,,,,,,,,,,,,,,,,,,,,,,,,,,,,,,,,,,,,,,,,,,,,,,,,,,,,,,,,,,,,,,,,,,,,,,,,
2002-07-01,,,,,,0.2,,,,,,0.2,0.2,,,,,,0.2,,,,,,,,0.2,,,,,,,,,,,,,,,,,,,,,,,,,,,,,,,,,,,,,,,,,,,,,,,,,,,,,,,,,,,,,,,,,,,,,,,,,,,,,,,,,
2002-08-01,,,,,,,,,,,,0.2,0.2,,,,,,,,,,,,,,0.2,,,,,,,,,,,,,,0.2,,,,,,,,,,,,,,,,,,,,,,,,,,,,,,,,,,,,,,,,,,,,,,,,,,,,,,,,,,0.2,,,,,,,,,
2002-10-01,,,,,,,,,,,,0.2,0.2,,,,,,,,,,,,,,0.2,,,,,,,,,,,,,,0.2,,,,,,,,,,,,,,,,,,,,,,,,,,,,,,,,,,,,,,,,,,,,,,,,,,,0.2,,,,,,,,,,,,,,,,
2002-11-01,,,,,,0.19999999999999996,,,,,,0.19999999999999996,0.2,,,,,,,,,,,,,,0.2,,,,,,,,,,,,,,,,,,,,,,,,,,,,,,,,,,,,,,,,,,,,,,,,,,,,,,,,,,,,,,,,,0.19999999999999996,,,,,,,,,,,,,,,,
2003-04-01,,,,,,0.19999999999999996,,,,,,0.19999999999999996,0.2,,,,,,,,,,,,,,0.19999999999999996,,,,,,,,,,,,,,,,,,,,,,,,,,,,,,,,,,,,,,,,,,,,,,,,,,,,,,,,,,,,,,,,,0.19999999999999996,,,,,,,,,,,,,,,,
2003-05-01,,,,,,0.2,,,,,,,0.2,,,,,,,,,,,,,,0.20000000000000007,,,,,,,,,,,,,,,,,,,,,,,,,,,,,,,,,,,,,,,,,,,,,,,,,,,,,,,,,,,,0.2,,,,,0.2,,,,,,,,,,,,,,,,
2003-07-01,,,,,,0.2,,,,,,,0.20000000000000007,,,,,,,,,,,,,,0.2,,,,,,,,,,,,,,,,,,,,,,,,,,,,,,,,,,,,,,,,,,,,,,,,,,,,,,,,,,,,0.2,,,,,0.2,,,,,,,,,,,,,,,,
2003-08-01,,,,,,,,,,,,0.2,0.20000000000000007,,,,,,0.2,,,,,,,,0.2,,,,,,,,,,,,,,,,,,,,,,,,,,,,,,,,,,,,,,,,,,,,,,,,,,,,,,,,,,,,,,,,,0.2,,,,,,,,,,,,,,,,
2003-09-01,,,,,,,,,,,,,,,,,,,,,,,,,,,,,,,,,,,,,,,,,,,,,,,,,,,,,,,,,,,,,,,,,,,,,,,,,,,,,,,,,,,,,,0.2,0.2,,,0.2,,0.2,,,,,,,0.2,,,,,,,,,
2003-10-01,,,,,,,,,,,,0.19999999999999996,0.19999999999999996,,,,,,0.2,,,,,,,,0.2,,,,,,,,,,,,,,,,,,,,,,,,,,,,,,,,,,,,,,,,,,,,,,,,,,,,,,,,,,,,0.19999999999999996,,,,,,,,,,,,,,,,,,,,,
2003-12-01,,,,,,,,,,,,,,,,,,,0.2,,,,,,,,,,,,,,,,,,,,,,,,,,,,,,,,,,,,,,,,,,,,,,,,,,,,,,,,,,,,,,,,,,,0.2,0.2,,,0.2,,0.2,,,,,,,,,,,,,,,,
2004-03-01,,,,,,,,,,,,,,,,,,,,,,,,,,,,,,,,,,,,,,,,,,,,,,,,,,,,,,,,,,,,,,,,,,,,,,,,,,,,,,,,,,,,,,0.2,0.2,,,0.2,,0.2,,,,,,,0.2,,,,,,,,,
2004-04-01,,,,,,,,,,,,0.19999999999999996,0.19999999999999996,,,,,,,,,,,,,,0.2,,,,,,,,,,0.2,,,,,,,,,,,,,,,,,,,,,,,,,,,,,,,,,,,,,,,,,,,,,,,,,,0.19999999999999996,,,,,,,,,,,,,,,,,,,,,
2004-06-01,,,,,,0.2,,,,,,,,,,,,,,,,,,,,,,,,,,,,,,,,,,,,,,,,,,,,,,,,,,,,,,,,,,,,,,,,,,,,,,,,,,,,,,,,0.2,,,,0.2,,0.2,,,,,,,0.2,,,,,,,,,
2004-07-01,,,,,,0.2,,,,,,,0.2,,,,,,,,,,,,,,,,,,,,,,,,0.2,,,,,,,,,,,,,,,,,,,,,,,,,,,,,,,,,,,,,,,,,,,,,,,,,0.2,,,,,,0.2,,,,,,,,,,,,,,,,
2004-09-01,,,,,,,,,,,,0.20000000000000007,0.2,,,,,,,,,,,,,,,,0.2,,,,,,,,,,,,,,,,,,,,,,,,0.2,,0.2,,,,,,,,,,,,,,,,,,,,,,,,,,,,,,,,,,,,,,,,,,,,,,,,,,,,,
2004-10-01,,,,,,,,,,,,0.19999999999999996,0.19999999999999996,,,,,,,,,,,,,0.2,,,0.19999999999999996,,,,,,,,,,,,,,,,,,,,,,,,,,0.19999999999999996,,,,,,,,,,,,,,,,,,,,,,,,,,,,,,,,,,,,,,,,,,,,,,,,,,,,,
2004-11-01,,,,,,,,,,,,,,,,,,,,,,,,,,,,,,,,,,,,,,,,,,,,,,,,,,,,,,,,,,,,,,,,0.2,,,,,,,,,,,,,,,,,,,,0.4,,0.2,,,,,,,,,,,,,,,,0.2,,,,,,
2004-12-01,,,,,,,,,,,,,0.2,,,,,,,,,,,,,,,,0.2,,,,,0.20000000000000007,,,,,,,,,,,,,,,,,,,,,0.2,,0.2,,,,,,,,,,,,,,,,,,,,,,,,,,,,,,,,,,,,,,,,,,,,,,,,,,,
2005-02-01,,,,,,,,,,,,0.20000000000000007,0.2,,,,,,,,,,,,,,,,,,,,,,,,,,,,,,,,,,,,,,,,0.2,,0.2,,,,,,,,,,,,,,,,,,,,,,,,,,,,,,,,,,,,,,,,,,,,,,,0.2,,,,,,
2005-03-01,,,,,,,,,,,,,0.19999999999999996,,,,,,,,,,,,,,,,,,,,,,,,,,,,,,,,,,,,,,,,0.19999999999999996,,0.2,,,,0.19999999999999996,,,,,,,,,,,,,,,,,,,,,,,,,,,,,,,,,,,,0.19999999999999996,,,,,,,,,,,,,
2005-04-01,,,,,,,,,,,,,0.2,,,,,,,,,,,,,,,0.19999999999999996,,,,,,,,,,,,,,,,,,,,,,,,,,,0.19999999999999996,,,,,,,,,,,,,,,,,,,,,,,,,,,,,,,,,,,,,,,0.19999999999999996,,,,0.19999999999999996,,,,,,,,,,
2005-06-01,,,,,,,,,,,,,0.2,,,,,,,,,,,,0.2,,,,,,,,,,,,,,,,,,0.2,,,,,,,,,,,,,,,,,,,,,,,0.2,,,,,,,,,,,,,,,,,,,,,,,,,,,,,,,,0.20000000000000007,,,,,,,,,,
2005-07-01,,,,,,,,,,,,,0.19999999999999996,,,,,,,,,,,,,,,,0.19999999999999996,,,,,,,,,,0.2,,,,0.19999999999999996,,,,,,,,,,,,,,,,,,,,,,,,,,,,,,,,,,,,,,,,,,,,,,,,,,,,,,,0.19999999999999996,,,,,,,,,,
2005-08-01,,,,,,,,,,,,,,,,,,,,,,,,,,,,,,,,,,,,,,,,,,,,,,,,,,,,,,,0.2,,,,,,,,,0.2,,,,,,,,,,,,,,,,,,,,0.4,,,,0.2,,,,,,,,,,,,,,,,,,,,
2005-09-01,,,,0.2,,,,,0.2,,,,,,,,,,,,,,,,,,,,,,,,,,,,,,,,,,,,,,,,0.20000000000000007,,,,,,,,,,,,,,,,,,,,,,,,,,,,,,,,,,,,,,,,0.2,,,,,,,,,,,,,,0.2,,,,,
2005-11-01,,,,0.20000000000000007,,,,,,,,,,,,,,,,,,,,,,,,,,,,,0.2,,,,,,,,,,,,,,,,0.2,,,,,,,,,,,,,,,,,,,,,,,,,,,,,,,,,,,,,,,,0.2,,,,,,,,,,,,,,,,,,0.2,
2005-12-01,,,,0.2,,,,,,0.19999999999999996,,,,,,,,,,,,,,,,,,,,,,,,,,,,,,,,,,,,,,,,,,,,,,,,,,0.19999999999999996,,,,,,,,,,,,,,,,,,,,,,,,,,,,,0.2,,,,,,,,,,,,,,,0.2,,,,
2006-02-01,,,,0.2,,,,,,0.2,,,,,,,,,,,,,,,,,,,,,,,0.2,,,,,,,,,,,,,,,,,,,,,,,,,,,,,,,,,,,,,,,,,,,,,,,,,,,,,,,,,,,,,,,,,,,,,,,,,0.20000000000000007,0.2,
2006-03-01,,,,,,,,,,,,,,,,,,,,,,,,,,,,0.2,,,,,,,,,,,,,,,,0.2,,,,,,,0.2,,,,,,,,,,,,,,,,,,,,,,,,,,,,,,,,,,,,,,0.19999999999999996,,,,,,,,,,,,,,0.19999999999999996,,,,,
2006-05-01,,,,,,,,,,,,,,,,,,,,,,,,,,,,,,,,,,0.2,,,,,,,,,,,,,,,,,,,,,,,,,,,,0.2,0.2,0.2,,,,,,,,,,,,,,,,,,,,,,,,,0.2,,,,,,,,,,,,,,,,,,,
2006-06-01,,,,,,,,,,0.20000000000000007,,,,,,,,,,,,,,,0.2,,,,,,,,,,,,,,,,,,,,,,,,0.2,,0.2,,,,,,,,,,,,,,,,,,,,,,,,,,,,,,,,,,,,,,0.2,,,,,,,,,,,,,,,,,,,
2006-08-01,,,0.2,,,,,,,,,,,,,,,,,,,,,,,,,,,,,,,,,,,,,,,,,,,,,,0.2,,,,,,0.2,,,,,,,,,,,,,,,,,,,,,,,,,,,,,,,,,,,,,,,,,,0.20000000000000007,,,,,,,,,,,0.2
2006-09-01,,,,,,,,,,,,,,,,,,,,,,,,,,,,,,,,,,,,,,,0.19999999999999996,,,,,,,,,,,,0.2,,,,,,,,,,,0.2,,,,,,,,,0.19999999999999996,,,,,,,,,,,,,,,,,,,,,,,,,,,,,,0.19999999999999996,,,,,,,
2006-11-01,,,,,,,,,,,,,,,,,,,,0.2,,,,,0.2,,,,,,,,,,,,,,,,,,,,,,,,,,0.2,,,,,,,,,,,,0.2,,,,,,,,,,,,,,,,,,,,,,,,,,,,,,,,,,,,,,,,,,0.20000000000000007,,,
2006-12-01,,,,,,,,,,0.2,,,,,,,,,,,,,,,,,,,,,,,,,,,,,,,,,,,,,0.2,,,,0.2,,,,0.2,,,,,,,,,,,,,,,,,,,,,,,,,,,,,,,,,,0.20000000000000007,,,,,,,,,,,,,,,,,,,
2007-02-01,,,,,,,,,,,,,,,,0.2,,,,,,,,,,,,,,,,,,,,,,,,,,,,,,,0.2,,,,,,,,,,,0.2,,,,,0.19999999999999996,,0.19999999999999996,,,,,,,,,,,,,,,,,,,,,,,,,,,,,,,,,,,,,,,,,,,
2007-03-01,,,,,,,,,,,,,,,,0.20000000000000007,,,,,,,,,,,,,,,,,,,,,,,,,,,,,,,0.2,,,,0.2,,,,,,0.2,,,,,,0.2,,,,,,,,,,,,,,,,,,,,,,,,,,,,,,,,,,,,,,,,,,,,,
2007-05-01,,,,,,,,,,,,,,,,,,0.20000000000000007,,,,,,,,,,,,0.2,,,,,,,,,,,,0.2,,,,,0.2,,,,,,,,,,,,,,,0.2,,,,,,,,,,,,,,,,,,,,,,,,,,,,,,,,,,,,,,,,,,,,,,
2007-06-01,0.20000000000000007,,,,,,,,,,,,,,,0.2,,,,,,,,,0.2,,,,,,,,,,,,,,,,,,,,,,,,0.2,,,0.2,,,,,,,,,,,,,,,,,,,,,,,,,,,,,,,,,,,,,,,,,,,,,,,,,,,,,,,,
2007-08-01,,0.2,,,,,,,,,,,,,,0.2,,,,0.19999999999999996,,,,,,,,,,,,,,,,,,,,,,,,,,,0.19999999999999996,,,,,,,,,,,,,,,,,,,,,,,,,,,,,,,,,,,,,,,,,,0.2,,,,,,,,,,,,,,,,,,,
2007-10-01,,,,,,,,,,,,,,,,,0.2,,,,,,,,,,,,,,,,,,,,,,,,,,,,,,,,,,,,,,,,,,,,,0.2,,0.2,,,,,,,,,,,,,,,,,,,,0.4,,,,,,,,,,,,,,,,,,,,,,,,
2007-11-01,,0.2,,,,,,,,,,,,,,,,,,,,,,,,,,,,,,,,,,,,,,,,,,,,,0.2,,,,,,,,,,,,,,,,,,,,,,,,,0.2,,,,,,,,,,,,,,,,,,,,,,,,,,0.20000000000000007,,,,,,,0.2,,,
2008-02-01,,,,,,,,,,,,,,,,0.2,,,,,,,,,,,,,,,,,,,,,,,0.20000000000000007,,,,,,,,,,,,,,,,,,,,,0.2,,,0.2,,,,,,,,,,,,,,,,,,,,,,,,,,0.2,,,,,,,,,,,,,,,,,,,
2008-04-01,,,,,,,,,,,,0.20000000000000007,,,,,,,,,,,,,,,,,,,,,,,,,,,,,,,,,,,,,,,0.2,,,,0.2,,,,,,,,0.2,,,,,,,,,,,,,,,,,,,,,,,,,,0.2,,,,,,,,,,,,,,,,,,,
2008-05-01,,,,,,,,,,,,,,,,0.20000000000000007,,,,,,,,,,,,,,,,,,,,,,,,,,0.2,,,,,,,,,0.2,,,,,,,,,,,,0.2,,,,,,,,,,,,,,,,,,,,,,,,,,,,,,,,,,,,,,,,,,,,0.2,
2008-07-01,,,,,,,,,,,,,,,,0.20000000000000007,,,,0.2,,,,,,,,,,,,,,,,,,,,,,,,,,,,,,,,,,,,,0.20000000000000007,,,,,,,,,,,,,,,,,,,,,,,,,,,,,,,,0.20000000000000007,,,,,,,,,,,,,,,,,,,0.2
2008-08-01,,,,,,,0.2,,,,,,,,,,,,,,,,,,,,,,,,,,,,,,,,,,,0.2,,,,,,,0.19999999999999996,,,,,,,,0.19999999999999996,,,,,,,,,,,,,,,,,,,,,,,,,,,,,,,,0.2,,,,,,,,,,,,,,,,,,,
2008-09-01,,,,,,,,,,,,,,,,,,,,0.2,,,,,,,,,,,0.2,,,,,,,,,,,,,,,,,0.2,,,,,,,,,,,,,,,,0.2,,,0.2,,,,,,,,,,,,,,,,,,,,,,,,,,,,,,,,,,,,,,,,,
2008-10-01,,,,,,,,,,,,,,,,,,,,,,,,,,,,,,,,,,,,,,0.2,,,,,,,,,,,,,,,,,,,0.2,,,,,,,,,,,,,,,,,,,,,,,,,,,,,,,,,,0.4000000000000001,,,,,,,,,,,,,,0.2,,,
2008-12-01,,,,,,,,,,,,,,,,,,,,,,,,,,,,,,,,,,,,,,,,,,,,,,,,,,,0.2,,,,,,,,,,,,,0.2,,,0.2,,,,,,,,,,,,,,,,,,,,,,0.2,,0.2,,,,,,,,,,,,,,,,,
2009-04-01,,,,,,,,,,,,,,,,,,,,0.20000000000000007,,,,,,,,0.2,,,,,,,,,,,,,,,,,,,,,,,,,,,,,,,,,,,,,,,,,,,,,,,0.2,,,,,,,,,,,,,,0.2,,,,,,,,,,,,,,,,,,0.2,
2009-05-01,,,,,,,,,,,,,,,0.4,,,,,,,,,,,,,,,,,0.2,,,,,,,,,,,,,,,,,,,,,,,,,,,,,,,0.2,,,,,,,,,,,,,,,,,,,,,,,,,,,,,,,,,,,,,,,,,,0.20000000000000007,,,
2009-06-01,,,,,,,,,,,,,,,,,,,,0.2,,,,,,,,,,,,,,,,,,,,,,,,,,,,,,,0.2,,,,,0.2,,,,,,,,,,,,,,,,,,,,,,,,,,,,,,,,,0.2,,,,,,,,,,,,,,,,0.2,,,
2009-07-01,,,,,,,0.2,,,,,,,,,,,,,,,,,,,,,,,,,,,,,,,,,,,,,,,,,,,,0.2,,,,,,,,,,,,0.2,,0.2,,,,,,,,,,,,,,,,,,,,,,,,,,,,,,,,,,,,,,,,0.20000000000000007,,,
2009-09-01,,,,,,,,,,,,,,,,0.20000000000000007,,,,,,,,,,,,,,,,,,,,,,,,,,,,,0.2,,,,,,0.2,,,0.2,,,,,,,,,0.2,,,,,,,,,,,,,,,,,,,,,,,,,,,,,,,,,,,,,,,,,,,,,
2009-10-01,,,,0.2,,,,,,,,,,,,0.2,,,,,0.2,,,,,,,,,,,,,,,,,,,,,,,,,0.20000000000000007,,,,,,,,,,,,,,,,,,,,,,,,,,,,,,,,,,,,,,,,,,,0.2,,,,,,,,,,,,,,,,,,,
2009-12-01,,,,,,,,,,,,,,,,,,,,,,,,,0.2,,,,0.2,,,,,,,,,,,,,,,,,,0.2,,,,,,,,,,,,,0.2,,,,,,,,,,,,,,,,,,,,,,,,,,,,,0.2,,,,,,,,,,,,,,,,,,,
2010-02-01,,,,,,,,,,,,,,,,,0.2,,,,,,,,,,,,,,,,,,,,,,,,,,,,,,,,,,0.2,,,,,,,,,,,,,,,,,,,0.2,,,,,,,,,,,,,,,,,,,,,0.2,,,,,,,,,,,,,0.2,,,,
2010-03-01,,,,,,,,,,,,,,,,,,,,,,,,,,,,,0.2,,,,,,,,,,0.2,,,,,,,,,,,,0.2,,,,,,,,,,,,,,,,,,,,,,,,,,,,,,,,,,,,,,0.2,,,,,,,,,,,,,,,0.2,,,,
2010-04-01,,,,,,,,,,0.20000000000000007,,,,,,,,,,,,,,,0.2,,,,,,,,,,,,,,,,,,,,,,,,,,,,,,,,,,,,,,0.2,,,,,,,,,,,,,,0.2,,,,,,,,,,,,,,,,,,,,,,,,,,,0.2,,,,
2010-06-01,,,,,,,,,,,,,,,,,,,,,,,,,,,,,,,,,,,,,,,0.19999999999999996,,,,,,,,,,,,,0.19999999999999996,,,,,,,,,,,0.19999999999999996,,,,,,,,,,,,,,0.19999999999999996,,,,,,,,,,,,,,,,,,,,,,,,,,,,,,0.2,
2010-07-01,,,,,,,,,,,,,,,,0.2,,,,,,,,,,,,,,,,,,,,,,,,,,,,,,,,,,,0.2,,,,0.4000000000000001,,,,,,,,,,,,,,,,,,,,,,,,,,,,,,,,,,,,,,,,,,,,,,,,,0.2,,,,
2010-09-01,,,,,,,0.2,,,,,,,,,,,,,,,,,,,,,,,,,,,,,,,,,,,,,,,,0.19999999999999996,,,,,,,,,,,,,,,,,,,,,,,,,0.19999999999999996,,,,,,,,,,,,,,,,,0.19999999999999996,,,,,,,,,,,,,,,0.19999999999999996,,,,
2010-10-01,,,,,,,0.2,,,,,,,,,0.2,,,,,,,,,0.2,,,,,,,,,,,,,,,,,,,,,,,,,,,0.2,,,,,,,,,,,,,,,,,,,,,,,,,,,,,,,,,,,,,,,,,,,,,,,,,,,,0.20000000000000007,,,,
2010-11-01,,,,,,,,,,,,,,0.2,,,,,,,,,,,,,,,,,,,,,,,,,,,,,,,,,,,,,,,,,,,,,,,,,,0.2,,,0.2,,,,,,,,,,,,,,,,,,,,,,0.2,,,,,,,,,,,,,,,0.2,,,,
2010-12-01,,,,,,,,,,,,,,,,,,,,,,,,,,,,,,,,,,,,,,,,,0.2,0.2,,,,,,,,,0.2,,,,,,,,,,,,0.20000000000000007,,,,,,,,,,,,,,,,,,,,,,,,,,0.2,,,,,,,,,,,,,,,,,,,
2011-02-01,,,,,,,,,,,,,,,,,,,,,0.2,,,,,,,,,,,,,,,,,,,,,0.2,,,,,0.2,,,,0.2,,,,,,,,,,,,,,,,,,,,,,,,,,,,,,,,,,,,,,,,,,,,,,,,,,,,,0.2,,,,
2011-03-01,,,,,,,0.19999999999999996,,,,,,,,,,,,,,,,,,,,,,,,,,,,,,,,,,,,,,,,0.19999999999999996,,0.2,,,,,,,,,,,,,,,,,,,,,,,,0.19999999999999996,,,,,,,,,,,,,,,,,,,,,,,,,,,,,,,,,,,0.19999999999999996
2011-04-01,,,,,,,,,,,,,,,,,,,,,,,,,,,,,,,,,,,,,,,,,,0.19999999999999996,,,,,0.2,,,,,,,,,,,,,,,,0.19999999999999996,,,,,,,,,0.19999999999999996,,,,,,,,,,,,,,,,,,,,,,,,,,,,,,,,0.19999999999999996,,,,
2011-06-01,,,,,,,0.2,,,,,,,,,,0.2,,,,,,,,0.2,,,,,,,,,,,,,,,,,,,,,,,,,,,0.2,,,,,,,,,,,0.2,,,,,,,,,,,,,,,,,,,,,,,,,,,,,,,,,,,,,,,,,,,,,
2011-07-01,,,,,,,,,,,,,,,,,,,,,,,,,0.19999999999999996,,,,,,,,,,,,,,,,,,,,,,0.19999999999999996,,,,,,,,,,,,,,,,0.2,,,,,0.19999999999999996,,,,,,,,,,,,,,,,,,,,,,,,,,,,,,,,,,,,0.19999999999999996,,,,
2011-08-01,,,,,,,,,,,,,,,,,,,,,,,,,,,,,,,,,,,,,,,,,,,,,,,,,,,,,,,,,,,,,,,,0.2,,,0.2,,,,,,,,,,0.2,,,,,,,0.4,,,,,,,,,,,,,,,,,,,,,,,,
2011-09-01,,,,,,,0.20000000000000007,,,0.2,,,,,,,,,,,,,,,,,,,,,,,,,,,,,,,,,,,,,0.2,,,,,0.2,,,,,,,,,,,,,,,,,,,,,,,,,,,,,,,,,,,,,0.2,,,,,,,,,,,,,,,,,,,
2011-11-01,,,,,,,,,,,,,,,,,,,,,,,,,0.2,,,,,,,,,,,,,,,,,,,,,,,,,,,,,,,,,,,,,,0.2,,,,,,,,,,,,,,0.20000000000000007,,,,,,,,,,,,,,,,,,,,,,,,,,0.2,,,,,0.2
2011-12-01,,,,,,,,,,,,,,,,,,,,,,,,,0.19999999999999996,,,,,,,,,,,,,0.2,,,,,,,,,,,,,,,,,,,,,,,,,,,,,,0.19999999999999996,,,,,,,,,,,,,,,,,,,,,0.2,,,,,,,,,,,,,,0.2,,,,,
2012-02-01,,,,,,,,,,,,,,,,,,,,,,,,,0.2,,,,,,,,,,,,,,,,,,,,,,,,,,,,,,,,,,,,,,0.2,,,,,,,,,,,,,,0.2,,,,,,,,,,,,0.2,,,,,,,,,,,,,,0.2,,,,,
2012-03-01,,,,,,,,,,,,,,,,0.2,,,,,,,,,,,,,,,,,0.2,,,,,,,,,,,,,,,,,,0.2,,,,,,,,,,,,,,,,,,,,,,,,,,0.2,,,,,,,,,,,,0.2,,,,,,,,,,,,,,,,,,,
2012-05-01,,,,,,,,,,,,,,,,,,,,0.2,,,,,0.2,,,,,,,,,,,,,,,,,,,,,,,,,,0.2,,,,,,,,,,,,,,,,,,,,,,,,,,0.2,0.2,,,,,,,,,,,,,,,,,,,,,,,,,,,,,,
2012-06-01,,,,,,,,,,,,,,,,,,,,0.2,,,,,0.19999999999999996,,,,,,,,,,,,,,,,,,,,,,,,,,,,,,,,,,,,,,,,,,,,,,,,,0.19999999999999996,,,0.19999999999999996,,,,,,,,,,,,0.19999999999999996,,,,,,,,,,,,,,,,,,,
2012-08-01,,,,,,,0.2,,,,,,,,,,,,,,,,,,0.2,,,,,,,,,,,,,0.2,,,,,,,,,,,,,,,,,,,,,,,,,,,,,,,,,,,,0.2,,,0.2,,,,,,,,,,,,,,,,,,,,,,,,,,,,,,,
2012-10-01,,,,,,,,,,,,,,0.2,,,,,0.2,,,,,,0.2,,,,,,,,,,,,,,,,,,,,,,,,,,,,,,,,,,,,,,0.2,,,,,,,,,,,,,,0.2,,,,,,,,,,,,,,,,,,,,,,,,,,,,,,,
2012-11-01,,,,,,,,,,,,,,,,,,,,,,,,,0.2,,,,,,,,,,,,,,,,,,,,,,0.2,,,,,,,,,,,,,,,,,,,,,,,,,,,0.2,,,0.2,,,,,,,,,,,,0.2,,,,,,,,,,,,,,,,,,,
2013-01-01,,,,,,,,,,,,,,0.2,,,,,,,,,,,,,,,,,,,,,,,,,,,,,,,,,,,,,,,,,,,,,,,,,0.2,0.2,,,,,,,,,,,,0.20000000000000007,0.2,,,,,,,,,,,,,,,,,,,,,,,,,,,,,,,
2013-02-01,,,,,,,,,,,,,,,,,,,,,,,,,0.2,,,0.2,,,,,,,,,,,,0.2,,,,,,,0.2,,,,,,,,,,,,,,,,,,,,,,,,,,,,,,0.2,,,,,,,,,,,,,,,,,,,,,,,,,,,,,,,
2013-03-01,,,,,,,,,,,,,,,,,,,,,,,,0.20000000000000007,0.2,,,,,,,,,,,,,,0.4,,,,,,,,,,,,,,,,,,,,,,,,,,,,,,,,,,,,,,,,,,,,,,,,,,0.2,,,,,,,,,,,,,,,,,,,
2013-04-01,,,,,,,,,,,,,,,,,,,,,,,,,0.2,,,,,,,,,,,,,,0.4,,,,,,,,,,,,,,,,,,,,,,,,0.2,,,,,,,,,,,,,,,,,,,,,,,,,,0.2,,,,,,,,,,,,,,,,,,,
2013-05-01,,,,,,,,,,,,,,,,,,,,,,,,,0.2,,,0.2,,,,,,,,,,,,,,,,,,,,,,,,,,,,,,,,,,,0.2,,,,,,,,,,,,,,0.2,,,,,,,,,,,,0.2,,,,,,,,,,,,,,,,,,,
2013-07-01,,,,,,,,,,,,,,0.2,,,,,,,,,,,,,,,,,,,,,,,,,,,,,,,,,,,,,,,,,,,,,,,,,,0.2,,,0.2,,,,,,,,,,0.2,,,,,,,0.2,,,,,,,,,,,,,,,,,,,,,,,,
2013-08-01,,,,,,,,,,,,,,,,0.2,,,,,,,,,0.2,,,0.2,,,,,,,,,,,0.4,,,,,,,,,,,,,,,,,,,,,,,,,,,,,,,,,,,,,,,,,,,,,,,,,,,,,,,,,,,,,,,,,,,,,
2013-10-01,,,,,,,0.2,,,,,,,,,,,,,,,,,,0.2,,,0.2,,,,,,,,,,,,,,,,,,,,,,,,,,,,,,,,,,,,,,,,,,,,,,,,,0.2,,,,,,,,,,,,,,,,,,,,,,,,,,,,,,,0.2
2013-11-01,,,,,,,,,,,,,,,,,,,,,,,,,0.2,,,0.2,,,,,,,,,,,,,,,,,,,,,,,,,,,,,,,,,,,,,,,,,,,,0.2,,,,,0.2,,,,,,,,,,,,0.2,,,,,,,,,,,,,,,,,,,
2014-01-01,,,,,,,,,,,,,,0.2,,,,,,,,,,,0.2,,,,,,,,,,,,,,,0.2,,,,,,,,,,,,,,,0.2,,,,,,,,,,,,,,,,,,,,,,,,,,,,,,,,,,0.2,,,,,,,,,,,,,,,,,,,
2014-04-01,,,,,,,,,,,,,,,,,,,,,,,,0.2,0.2,,,,,,,,,,,,,,,0.2,,,,,,,0.20000000000000007,,,,,,,,,,,,,,,,,,,,,,,,,,,,,,,,,,,,,,,,,,0.2,,,,,,,,,,,,,,,,,,,
2014-05-01,,,,,,,,,,,,,,,,,,,,,,,,,0.20000000000000007,,,,,,,,,,,,,,0.2,0.2,,,,,,,,,,,,,,,,,0.2,,,,,,,,,,,,,,,,,,,,,,,,,,,,,,,,0.2,,,,,,,,,,,,,,,,,,,
2014-07-01,,,,,,,0.20000000000000007,,,0.2,,,,,,,,,,,,,,,0.2,,,,,,,,,,,,,,0.2,,,,,,,,0.2,,,,,,,,,,,,,,,,,,,,,,,,,,,,,,,,,,,,,,,,,,,,,,,,,,,,,,,,,,,,,
2014-08-01,,,,,0.20000000000000007,,0.2,,,,,,,,,,,,,,,,,,,,,,,,,,,,,,,,,,,,,,,,,,,0.2,,,,,,,,,,,,,0.2,,,,,,,,,,,,,,0.2,,,,,,,,,,,,,,,,,,,,,,,,,,,,,,,
2014-09-01,,,,,,,,,,,,,,0.2,,0.2,,,,,,,,,,,,,,,,,,,,,,,,,,,,,,,,,,,0.2,,,,,,0.2,,,,,,,,,,,,,,,,,,,,0.2,,,,,,,,,,,,,,,,,,,,,,,,,,,,,,,
2014-10-01,,,,,,,,,,,,,,,,0.2,,,,,,,,,0.2,,,,,,,,,,,,,,,,,,,,,,0.2,,,,,,,,,,0.2,,,,,,,,,,,,,,,,,,,,0.2,,,,,,,,,,,,,,,,,,,,,,,,,,,,,,,
2014-12-01,,,,,,,,,,,,,,0.2,,,,,,,,,,,0.2,,,,,,,,,,,,,,,,,,,,,,,,,,,,,,,,,,,,,,,0.2,,,0.2,,,,,,,,,,,,,,,,,0.2,,,,,,,,,,,,,,,,,,,,,,,,
2015-01-01,,,,,,,,,,,,,,0.2,,,,,,,,,,,0.2,,,,,,,,,,,0.2,,,,,,,,,,,,,,,,,,,0.2,,,,,,,,,,,,,,,,,,,,,,0.2,,,,,,,,,,,,,,,,,,,,,,,,,,,,,,,
2015-04-01,,,,,,,,,,,,,,,,0.2,,,,,,,,,0.20000000000000007,,,,,,,,,,,,,,,,,,,,,,,,,,0.2,,,,,,0.2,,,,,,,,,,,,0.2,,,,,,,,,,,,,,,,,,,,,,,,,,,,,,,,,,,,,,,
2015-05-01,,,,,,,,0.20000000000000007,,,,,,,,,,,,,,,,,0.2,,,,,,,,,,,,,,,,,,,,,,,,,,0.2,0.2,,,,,,,,,,,,,,,,,,,,,,,,,,,0.2,,,,,,,,,,,,,,,,,,,,,,,,,,,,,
2015-06-01,,,,,,,,,,,,,,0.2,,,,,0.4,,,,,,0.2,,,,,,,,,,,,,,,,,,,,,,,,,,0.2,,,,,,,,,,,,,,,,,,,,,,,,,,,,,,,,,,,,,,,,,,,,,,,,,,,,,,,,,
2015-07-01,,,,,,,,0.19999999999999996,,,,,,,,,,,,,,,,,0.19999999999999996,,,,,,,,,,,,,,,,,,,,,,,,,,0.19999999999999996,0.2,,,,,0.19999999999999996,,,,,,,,,,,,,,,,,,,,,,,,,,,,,,,,,,,,,,,,,,,,,,,,,,,
2015-09-01,,,,,,,,,,,,,,,,,,,,,,,,,0.2,,,,,,,,,,,,,,0.4,,,,,,,,,,,,,,,,,,,,,,,,,,,,,,,,,,,,,,0.2,0.2,,,,,,,,,,,,,,,,,,,,,,,,,,,,,,
2015-10-01,,,,,,,,,,,,,,,,,,,,,,,,,,,,,,,,,,,,,,,0.4,,,,,,,,0.2,,,,,,,,,,,,,,,,0.2,,,,,,,,,,,,,,0.20000000000000007,,,,,,,,,,,,,,,,,,,,,,,,,,,,,,,
2015-12-01,,,,,,,,,,,,,,,,,,,,,,,,,0.19999999999999996,,,,,,,,,,,,,,,,,,,,,,0.2,,,,,,,,,,,,,,,,,,,,,,,,,0.19999999999999996,,,,,0.19999999999999996,0.19999999999999996,,,,,,,,,,,,,,,,,,,,,,,,,,,,,,
2016-01-01,,,,,,,,,,,,,,,,,,,0.2,,,,,,,,,,,,,,,,,,,,,,,,,,,,,,,,,,,,0.2,,,,,,,,,0.2,,,,,,,,,,,,,0.2,,,,,,,,,,,,,0.2,,,,,,,,,,,,,,,,,,
2016-02-01,,,,,0.2,,,,,,,,,0.4,,,,,,,,,,,0.2,,,,,,,,,,,,,,,,,,,,,,,,,,,,,,,,,,,,,,,0.2,,,,,,,,,,,,,,,,,,,,,,,,,,,,,,,,,,,,,,,,,,,,
2016-03-01,,,,,0.2,,,,,,,,,,,,,,,,,,,,0.2,,,,,,,,0.2,,,,,,,,,,,,,,,,,,,,,,,,0.20000000000000007,,,,,,,,,,,,,,,,,,,,,,,,,,,,,,,,,,,,,,,,,,,,,,0.2,,,,,
2016-04-01,,,,,,,,,,,,,,,,0.2,,,,,,,,,0.2,,,,,,,,,,,,,,,,,,,,,,,,,,0.20000000000000007,,,,,,,,,,,,,,,,,,,,,,,,,,,,,,,,,,0.2,,,,,,,,,,,,,,,,,,0.20000000000000007,,,,,
2016-06-01,,,,,0.2,,,0.2,,,,,,,,0.2,,,,,,,,,0.2,,,,,,,,,,,,,,,,,,,,,,,,,,,,,,,,,,,,,,,,,,,,,,,,,,,,,,,,,,,,,,,,,,,,,,,,,,,,,,0.20000000000000007,,,,,
2016-07-01,,,,,,,,0.2,,,,,,,,0.2,,,,,,,,,0.2,,,,,,,,,,,,,,,,,,,,,,,,,,0.2,,,,,,,,,,,,,,,,,,,,,,,,,,,,,,,,,,,,,,,,,,,,,,,,,,,,0.20000000000000007,,,,,
2016-08-01,,,,,,,,,,,,,,0.2,,,,,,,,,,,0.2,,,,,,,,,,,,,,,,,,,,,,,,,,,,,,,,,,,,,,,0.2,,,0.2,,,,,,,,,,0.2,,,,,,,,,,,,,,,,,,,,,,,,,,,,,,,
2016-09-01,,,,,0.2,,,,,,,,,,,0.2,,,,,,,,,0.2,,,,,,,,,,,,,,,,,,,,,,,,,,,,,,,,,,,,,,,,,,,,,,,,,,,,0.2,,,,,,,,,,,,,,,,,,0.20000000000000007,,,,,,,,,,,,,
2016-11-01,,,,,,,,,,,,,,,,,,,,0.2,,,0.19999999999999996,,,,,,,,,,,,,,,,,,,,,,,,,,,,,,,,,,,,,,,,,,,,,,,,,,,,,,0.19999999999999996,,,,,,,,,,,,,,,,,,0.19999999999999996,,,,,0.19999999999999996,,,,,,,,
2016-12-01,,,,0.19999999999999996,,,,,,,,,,,,,,,,0.2,,,,,0.19999999999999996,,,,,,,,,,,,,,,,,,,,,,,,,,,,,,,,,,,,,,0.2,,,,,,,,,,,,,,0.19999999999999996,,,,,,,,,,,,,,,,,,,,,,,,,,,,,,,
2017-02-01,,,,,,,,,,,,,,,,,,,,,,,,,0.20000000000000007,,,,,,,,,,,,,,0.6000000000000001,,,,,,,,,,,,,,,,,,,,,,,,,,,,,,,,,,,,,,,,,,,,,,,,,,,,,,,,,,,,,0.2,,,,,,,,
2017-03-01,,,,,0.2,,,,,,,,,,,,,,,0.2,,,,,0.2,,,,,,,,,,,,,,0.4,,,,,,,,,,,,,,,,,,,,,,,,,,,,,,,,,,,,,,,,,,,,,,,,,,,,,,,,,,,,,,,,,,,,,
2017-05-01,,,,,,,,,,,,,,0.2,,,,,,,,,,,0.2,,,,,,,,,,,,,,0.2,,,,,,,,,,,,,,,,,,,,,,,,,,,,,,,,,,,,,,0.2,,,,,,,,,,,,,0.2,,,,,,,,,,,,,,,,,,
2017-06-01,,,,,,,,0.20000000000000007,,,,,,,,,,,,,,,,,,,,,,,,,,,,,,,0.6000000000000001,,,,,,,,,,,,,,,,,,,,,,,,,,,,,,,,,,,,,,0.2,,,,,,,,,,,,,,,,,,,,,,,,,,,,,,,
2017-08-01,,,,,,,,,,,,,,,,,,,,,,,,,0.2,,,,,,,,0.2,,,,,,,,,,,,,,0.2,,,,,,,,,,0.20000000000000007,,,,,,,,,,,,,,,,,,,,0.2,,,,,,,,,,,,,,,,,,,,,,,,,,,,,,,
2017-09-01,,,,,,,,,,,,,,,,,,,,,,,,,0.2,,,,,,,,,,,,,,,,,,,,,,0.2,,,,,,,,,,0.2,,,,,,,,,,,,,,,,,,,,0.2,,,,,,,,,,,,,,,,,,,,,,,0.20000000000000007,,,,,,,,
2017-11-01,,,,,,,,,,,,,,,,,,,,,,,,,0.2,,,,,,,,0.19999999999999996,,,,,,,,,,,,,,0.19999999999999996,,,,0.19999999999999996,,,,,,,,,,,,,,,,,,,,,,,,,,0.19999999999999996,,,,,,,,,,,,,,,,,,,,,,,,,,,,,,,
2017-12-01,,,,,,,,,,,,,,,,,,,,,,,,,0.19999999999999996,,,,,,,,0.2,,,,,,,,,,,,,,,,,,,0.2,,,0.19999999999999996,,,,,,,,,,,,,,,,,,,,,,0.19999999999999996,,,,,,,,,,,,,,,,,,,,,,,,,,,,,,,
2018-01-01,,,,,,,,,,,,,,0.2,,,,,,,,,,,0.2,,,,,,,,,,,,,,,,,,,,,,,,,,0.2,,,,,,,,,,,,,0.4,,,,,,,,,,,,,,,,,,,,,,,,,,,,,,,,,,,,,,,,,,,,
2018-02-01,,,,,,,,,,,,,,,,,,,,,,,,,0.2,,,,,,,,,,,,,,,,,,,,,,0.2,,,,,0.2,,,,,,,,0.2,,,,,,,,,,,,,,,,,,,,,,,,,,,,,,,,,,,,,,,,0.20000000000000007,,,,,,,,
2018-03-01,,,,,,,,,,,,,,,,,,,,,,,,,0.2,,,,,,,,,,,,,,,,,,,,,,0.20000000000000007,,,,,0.2,,,,,,,,,,,,,,,,,,,,,,,,,0.2,,,,,,0.2,,,,,,,,,,,,,,,,,,,,,,,,,
2018-05-01,,,,,,,,,,,,,,,,,,,,,,,,,0.2,,,,,,,,,,,,,,,,,,,,,,,,,,,0.2,,,,,,,,,,,,,,,,,,,,,,,,,0.2,,,0.2,,,0.2,,,,,,,,,,,,,,,,,,,,,,,,,
2018-06-01,,,,,,,,,,,,,,,,,,,,,,,,,0.20000000000000007,,,,,,,,,,,,,,,,,,,,,,,,,,,0.2,,,,,0.2,,,,,,,,,,,,,,,,,,,,0.2,,,,,,0.2,,,,,,,,,,,,,,,,,,,,,,,,,
2018-08-01,,,,,,,,,,,,,,,,,,,,,,,,,0.20000000000000007,,,,,,,,,,,,,,,,,,,,,,,,,,,0.2,,,,,0.2,,,,,,0.2,,,,,,,,,,,,,,0.2,,,,,,,,,,,,,,,,,,,,,,,,,,,,,,,
2018-10-01,,,,,,,,,,,,,,,,,,,,,,,,,,,,,,,,,,,,,,,,,,,,,,,,,,,,,,,,,,,,,,,,0.4,,,0.2,,,,,,,,,,,,,,,,,0.4,,,,,,,,,,,,,,,,,,,,,,,,
2018-11-01,,,,,,,,,,,,,,,,,,,,,,,,,0.20000000000000007,,,,,,,,,,,,,,,,,,,,,,,,,,,0.2,,,,,0.2,,,0.2,,,,,,,,,,,,,,,,,0.2,,,,,,,,,,,,,,,,,,,,,,,,,,,,,,,
2019-01-01,,,,,,,,,,,,,,,,,,,,,,,,,,,,,,,,,,,,,,,,,,,,,,,,,,,,,,,,,,,,,,,,0.4,,,0.2,,,,,,,,,,0.2,,,,,,,0.2,,,,,,,,,,,,,,,,,,,,,,,,
2019-02-01,,,,,,,,,,,,,,,,,,,,,,,,,0.2,,,,,,,,0.19999999999999996,,,,,,,,,,,,,,,,,,,,,,,,,,,,,,,,,,,,,,,,,,,,0.19999999999999996,,,,,,0.19999999999999996,,,,,,,,,,,,,,,,,,,,0.19999999999999996,,,,,
2019-03-01,,,,,,,,,,,,,,,,,,,,,,,,,0.20000000000000007,,,,,,,,0.2,,,,,,,,,,,,,,,,,,,,,,,,,,,,,,,,,,,,,,,,,,,,0.2,0.2,,,,,0.2,,,,,,,,,,,,,,,,,,,,,,,,,
2019-04-01,,,,,,,,,,,,,,,,,,,,,,,,,,,,,,,,,,,,,,,,,,,,,,,,,,,,,,,,,,,,,,,,0.4,,,0.2,,,,,,,,,,0.2,,,,,,0.2,,,,,,,,,,,,,,,,,,,,,,,,,
2019-05-01,,,,,,,,,,,,,,,,,,,,,,,,,0.20000000000000007,,0.2,,,,,,,,,,,,,,,,,,,,,,,,,0.2,,,,,,,,,,,0.2,,,,,,,,,,,,,,0.2,,,,,,,,,,,,,,,,,,,,,,,,,,,,,,,
2019-07-01,,,,,,,,,,,,,,,,,,,,,,,,,,,,,,,,,,,,,,,,,,,,,,,,,,,,,,,,,,,,,,,,0.4,,,0.2,,,,,,,,,,0.2,,,,,,0.2,,,,,,,,,,,,,,,,,,,,,,,,,
2019-08-01,,,,,,,,,,,,,,,,,,,,0.20000000000000007,,,,,,,0.2,,,,,,,,,,,,,,,,,,,,,,,,,,,,,,,,,0.2,,,,,,,,,,,,,,,,,0.2,,,,,,,,,,,,,,,,,,,,,,,,,,0.2,,,,,
2019-10-01,,,,,,,,,,,,,,,,,,,,0.2,,,,,,,,,,,,,,,,,,,,,,,,,,,0.4,,,,,,,,,,,,,,,,,,,,,,,,,,,,,,,,,,,,,,,,,,,,,,,,,,,0.20000000000000007,,,,,0.2,,,,,
2019-11-01,,,,,,,,,,,,,,,,,,,,,,,,,0.20000000000000007,,0.2,,,,,,,,,,,,,,,,,,,,,,,,,,,,,,,,,0.2,,,,,,,,,,,,,,,,,0.2,,,,,,,,,,,,,,,,,,,,,,,,,,0.2,,,,,
2020-01-01,,,,,,,,,,,,,,,,,,,,,,,,,,,,,,,,,,,,,,,,,,,,,,,,,,,,,,,,,,,,,,,,0.4,,,0.2,,,,,,,,,,0.2,,,,,,,,,,,,,,,,,,,,,,,0.2,,,,,,,,
2020-04-01,,,,,,,,,,,,,,,,,,,,,,,,,0.20000000000000007,,,,,,,,,,,,,,,,,,,,,,0.4,,,,,,,,,,0.2,,,,,,,,,,,,,,,,,,,,0.2,,,,,,,,,,,,,,,,,,,,,,,,,,,,,,,
2020-05-01,,,,,,,,,,,,,,,,,,,,,,,,,,,,,,,,,,,,,,,0.2,,,,,,,,0.4,,,,,,,,,,,,,,,,,,,,,,,,,,,,,,0.2,,,,,,0.2,,,,,,,,,,,,,,,,,,,,,,,,,
2020-06-01,,,,,,,,,,,,,,,,,,,,,,,,,,,,,,,,,,,,,,,,,,,,,,,,,,,,,,,,,,,,,,,,0.4,,,0.2,,,,,,,,,,0.2,,,,,,,0.2,,,,,,,,,,,,,,,,,,,,,,,,
2020-07-01,,,,,,,,,,,,,,,,,,,,,,,,,,,,,,,,,,,,,,,0.2,,,,,,,,,,,,,,,,,,,,,0.19999999999999996,,,,,,,,,,,,,,,,,0.19999999999999996,,,,0.19999999999999996,,0.19999999999999996,,,,,,,,,,,,,,,,,,,,,,,,,
2020-09-01,,,,,,,,,,,,,,,,,,,,0.20000000000000007,0.2,,,,,,,,,,,,,,,,,,,,,,,,,,,,,,,,,,,,0.2,,,0.2,,,,,,,,,,,,,,,,,,,,,0.2,,,,,,,,,,,,,,,,,,,,,,,,,,,
2020-10-01,,,,,,,,,,,,,,,,,,,,0.2,,,,,,,,,,,,,,,,,,,,,,,,,,,,,,0.2,,,,,,,,,,0.20000000000000007,,,,,,,,,,,,,,,,,0.2,,,,0.2,,,,,,,,,,,,,,,,,,,,,,,,,,,
2020-12-01,,,,,,,,,,,,,,,,,,,,0.2,,,,,0.20000000000000007,,,,,,,,,,,,,,,,,,,,,,,,,,,,,,,,,,,0.2,,,,,,,,,,,,,,,,,0.2,,,,0.2,,,,,,,,,,,,,,,,,,,,,,,,,,,
2021-01-01,,,,,,,,,,,,,,,,,,,,,,,,,,,,,,,,,,,,,,,,,,,,,,,,,,,,,,,,,,,,,,,,0.2,,,0.2,,,,,,,,,,0.2,,,,0.2,,,,,,,,,,,,0.2,,,,,,,,,,,,,,,
2021-02-01,,,,,,,,,,,,,,,,,,,,,,,,,,,,,,,,,,,,,,,,,,,,,,,,,,,,,,,,,,,,,,,,0.4,,,0.2,,,,,,,,,,,,,,0.2,,0.2,,,,,,,,,,,,,,,,,,,,,,,,,
2021-03-01,,,,,,,,,,,,,,,,,,,,,,,,,,,,,,,,,,,,,,,,,,,,,,,,,,,,,,,,,,,,,,,,0.4,,,0.2,,,,,,,,,,,,,,0.2,,,0.2,,,,,,,,,,,,,,,,,,,,,,,,
2021-04-01,,,,,,,,,,,,,,,,,,,,,,,,,,,,,,,,,,,,,,,0.2,,,,,,,,0.4,,,,,,,,,,,,,,,,,,,,,,,,,,,,,,,,,,,,0.2,,0.20000000000000007,,,,,,,,,,,,,,,,,,,,,,,
2021-06-01,,,,,,,,,,,,,,,,,,,,,,,,,0.20000000000000007,,,,,,,,,,,,,,0.2,,,,,,,,,,,0.2,,,,,,,,,,,,,0.2,,,,,,,,,,,,,,,,,,0.2,,,,,,,,,,,,,,,,,,,,,,,,,,,
2021-07-01,,,,,,,,,,,,,,,,,,,,,,,,,0.20000000000000007,,,,,,,,,,,,,,0.2,,,,,,,,,,,,,,,,0.2,,,,,,,,,,,,,,,,,,,,,,,,,,0.2,,0.2,,,,,,,,,,,,,,,,,,,,,,,,,
2021-09-01,,,,,,,,,,,,,,,,,,,,,,,,,0.2,,,,,,,,,,,,,,,,,,,,,,0.4,,,,,,,,,,0.2,,,,,,,,,,,,,,,,,,,,,,,,,,,,,,,,,,,,,,,,,,,,,,0.20000000000000007,,,,,
2021-10-01,,,,,,,,,,,,,,,,,,,,,,,,,,0.2,,,,,,,,,,,,,,,,,,,,,0.4,,,,,,,,0.2,,,,,,,,,,,,,,,,,,,,,,,,,,,,,,,,,,,,,,,,,,,,,,,,0.20000000000000007,,,,,
2021-11-01,,,,,,,,,,,,,,,,,,,,,,,,,,,,,,,,,,,,,,,,,,,,,,,,,,,,,,,,,,,,,,,,0.4,,,0.2,,,,,,,,,,,,,,,,,0.4,,,,,,,,,,,,,,,,,,,,,,,,
2021-12-01,,,,,,,,,,,,,,,,,,,,,,,,,0.2,0.2,,,,,,,,,,,,,,,,,,,,,0.4,,,,,,,,,,,,,,,,,,,,,,,,,,,,,,,,,,,,,,,,,,,,,,,,,0.20000000000000007,,,,,,,,,,,,
2022-02-01,,,,,,,,,,,,,,,,,,,,,,,,,0.20000000000000007,,,,,,,,,,,,,,,,,,,,,,0.4,,,,,,,,,,,,,,,,,,,,,,,,,,,,,,,,,,,,0.2,,,,,0.2,,,,,,,,,,,,,,,,,,,,
2022-03-01,,,,,,,,,,,,,,,,,,,,,,,,,0.2,,,,,,,,,,,,,,,,,,,,,,0.4000000000000001,,,,,,,,,,,,,,,,,,,,,,0.2,,0.2,,,,,,,,,,,,,,,,,,,,,,,,,,,,,,,,,,,,,
2022-04-01,,,,,,,,0.2,,,,,,,,,,,,,,,,,,,,,,,,,,,,,,,,,,,,,,,0.2,,,,,,,,,,,,,,,,,,,,,,,,0.20000000000000007,,,,,,,,,,,,0.2,,,,,0.20000000000000007,,,,,,,,,,,,,,,,,,,,
2022-06-01,,,,,,,,,,,,,,,,,,,,,,,,,0.20000000000000007,,,,,,,,0.2,,,,,,,,,,,,,,,,,,,,,,,,,,,,,,,,,,,,0.2,,,,,,,,,,,,,,0.2,,,,,0.2,,,,,,,,,,,,,,,,,,,,
2022-07-01,,,,,,,,,,,,,,,,,,,,,,,,,0.20000000000000007,,,,,,,,,,,,,,,,,,,,,,0.4,,,,,,,,,,,,,,,,,,,,,,,,0.2,,,,,,,,,,,,0.2,,,,,,,,,,,,,,,,,,,,,,,,,
2022-08-01,,,,,,,,,,,,,,,,,,,,,,,,,,,,,,,,,,,,,,,,,,,,,,,,,,,,,,,,,,,,,,,,0.4,,,0.2,,,,,,,,,,,,,,,,,0.4,,,,,,,,,,,,,,,,,,,,,,,,
2022-09-01,,,,,,,,0.19999999999999996,,,,,,,,,,,,0.19999999999999996,,,,,0.2,,,,,,,,,,,,,,,,,,,,,,,,,,,,,,,,,,,,,,,,,,,,,,,,,,,,,,,,,0.19999999999999996,,,,,,,,,,,,,,,,,,,,,0.19999999999999996,,,,,
2022-11-01,,,,,,,,,,,,,,,,,,,,,,,,,0.20000000000000007,,,,,,,,,,,,,,,,,,,,,,,,,,,,,,,,,,,,,,0.2,,,,,,0.2,,,,,,,,,,,,,,,,,,,0.2,,,,,,,,,,,,,,,0.2,,,,,
2022-12-01,,,,,,,,0.19999999999999996,,,,,,,,,,,,,,,,,,,,,,,,,,,,,,,,,,,,,,,,,,,,,,,,,,,,,,,,,,,,,0.2,,,,,,,,,,,,,0.19999999999999996,,,,,,0.19999999999999996,,,,,,,,,,,,,,,0.19999999999999996,,,,,
2023-02-01,,,,,,,,,,,,,,,,,,,,,,,,,,,,,,,,,0.20000000000000007,,,,,,,,,,,,,,,,,,,,,,,,,,,0.2,,,,,,,,,0.2,,,,,,,,,,,,,,0.2,,,,,0.2,,,,,,,,,,,,,,,,,,,,
2023-03-01,,,,,,,,,,,,,,,,,,,,,,,,,0.20000000000000007,,,,,,,,,,,,,,,,,,,,,,,,,0.2,0.2,,,,,,,,,,,,,,,,,,0.2,,,,,,,,,,,,,,,,,,,,,,,,,,,,,,,,,,0.2,,,,,
2023-05-01,,,,,,,,,,,,,,,,,,,,,,,,,,,,,,,,,,,,,,,,,,,,,,,,,,,,,,,,,,,,,,,,0.4,,,0.2,,0.2,,,,,,,,,,,,,,0.2,,,,,,,,,,,,,,,,,,,,,,,,,
2023-06-01,,,,,,,,,,,,,,,,,,,,,,,,,0.2,,,,,,,,,,,,,,,,,,,,,,,,,,,,,,,,,,,,,,0.2,,,,,,,,,,,,,,,,,,,,0.2,,,,,,,,,,,,,0.20000000000000007,,,,,,,0.2,,,,,
2023-08-01,,,,,,,,0.2,,,,,,,,,,,,0.2,,,,,0.2,,,,,,,,,,,,,,,,,,,,,,,,,,0.2,,,,,,,,,,,,,,,,,,,,,,,,,,,,,,,,,,,,,,,,,,,,,0.20000000000000007,,,,,,,,,,,,
2023-09-01,,,,,,,,,,,,,,,,,,,,,,,0.4,,0.2,,,,,,,,,,,,,,,,,,,,,,,,,,,,,,,,,,,,,,0.2,,,,,,,,,,,,,,,,,,,,,,,,,,,,,,,,,,,,,,,,0.20000000000000007,,,,,
2023-11-01,,,,,,,,,,,,,,,,,,,,0.19999999999999996,,,0.19999999999999996,,,,,,,,,,,,,,,,,,,,,,,,,,,,,,,,,,,,,0.2,0.19999999999999996,,,,,,,,,,,,,,,,,,,,,,,,,,,,,,,,,,,,,,,,,,0.19999999999999996,,,,,
2023-12-01,,,,,,,,,,,,,,,,,,,,,,,,,0.2,,,,,,,,,,,,,,,,,,,,,,,,,,,,,,,,,,,,0.2,,,,,,,,,,,,,,,,,,,,,,,,,,,,,,,,,,,0.4000000000000001,,,,,,,,,0.2,,,
2024-01-01,,,,,,,,,,,,,,,,,,,,,,,,,,,,,,,,,,,,,,,,,,,,,,,,,,,,,,,,,,,,,,,,0.4,,,0.2,,,,,,,,,,,,,,0.2,,,0.2,,,,,,,,,,,,,,,,,,,,,,,,
2024-02-01,,,,,,,,,,,,,,,,,,,,,,,,,0.2,,,,,,,,,,,,,,,,,,,,,,,,,,,,,,0.2,,,,,,0.2,,,,,,,,,,,,,,,,,,,,0.2,,,,,,,,,,,,,,,0.20000000000000007,,,,,,,,,,,,
2024-03-01,,,,,,,,,,,,,,,,,,,,0.2,,,,,0.2,,,,,,,,,,,,,,,,,,,,,,,,,,,,,,0.2,,,,,,,,,,,,,,,,,,,,,,,,,,0.2,,,,,,,,,,,,,,,0.20000000000000007,,,,,,,,,,,,
2024-04-01,,,,,,,,,,,,,,,,,,,,,,,,,,,,,,,,,,,,,,,,,,,,,,,,,,,,,,,,,,,,,,,,0.4,,,0.2,,,,,,,,,,,,,,,,,0.4,,,,,,,,,,,,,,,,,,,,,,,,
